<appaction uniquename="ppac__PdfMG!13e1cbb8ade84d28bcaab901a24c8fc7!ppac_MakensonSharepoint!ppac_makensonspintegrationtest!1">
  <appmoduleid>
    <uniquename>ppac_MakensonSharepoint</uniquename>
  </appmoduleid>
  <buttonlabeltext default="Pdf MG">
    <label description="Pdf MG" languagecode="1033" />
  </buttonlabeltext>
  <buttonsequencepriority>5.0000000000</buttonsequencepriority>
  <context>1</context>
  <contextentity>
    <logicalname>ppac_makensonspintegrationtest</logicalname>
  </contextentity>
  <contextvalue>ppac_makensonspintegrationtest</contextvalue>
  <hidden>0</hidden>
  <iscustomizable>1</iscustomizable>
  <isgrouptitlehidden>0</isgrouptitlehidden>
  <location>1</location>
  <name>PdfMG!13e1cbb8ade84d28bcaab901a24c8fc7</name>
  <onclickeventformulacomponentlibraryid>
    <name>ppac_makensonsharepointdefaultcommandlibrary_5f651</name>
  </onclickeventformulacomponentlibraryid>
  <onclickeventformulacomponentname>96afee80bbdd4282a7a822c3c165b6b4</onclickeventformulacomponentname>
  <onclickeventformulafunctionname>OnSelect</onclickeventformulafunctionname>
  <onclickeventtype>1</onclickeventtype>
  <statecode>0</statecode>
  <statuscode>1</statuscode>
  <type>0</type>
  <visibilitytype>0</visibilitytype>
</appaction>