<appaction uniquename="ppac__SubPDF!9901437e84424a0fb48bb87fbd56bef4!ppac_MakensonSharepoint!ppac_makensonspintegrationtest!2">
  <appmoduleid>
    <uniquename>ppac_MakensonSharepoint</uniquename>
  </appmoduleid>
  <buttonlabeltext default="Sub PDF">
    <label description="Sub PDF" languagecode="1033" />
  </buttonlabeltext>
  <buttonsequencepriority>25.0000000000</buttonsequencepriority>
  <context>1</context>
  <contextentity>
    <logicalname>ppac_makensonspintegrationtest</logicalname>
  </contextentity>
  <contextvalue>ppac_makensonspintegrationtest</contextvalue>
  <fonticon>AALinkedInLogo</fonticon>
  <hidden>0</hidden>
  <iconwebresourceid>
    <webresourceid>38854bd2-611f-ed11-b83e-000d3a53b4ec</webresourceid>
  </iconwebresourceid>
  <iscustomizable>1</iscustomizable>
  <isgrouptitlehidden>0</isgrouptitlehidden>
  <location>2</location>
  <name>SubPDF!9901437e84424a0fb48bb87fbd56bef4</name>
  <onclickeventformulacomponentlibraryid>
    <name>ppac_makensonsharepointdefaultcommandlibrary_5f651</name>
  </onclickeventformulacomponentlibraryid>
  <onclickeventformulacomponentname>c2eb86f5bf2f427cb9fd69ef74bd24c5</onclickeventformulacomponentname>
  <onclickeventformulafunctionname>OnSelect</onclickeventformulafunctionname>
  <onclickeventtype>1</onclickeventtype>
  <statecode>0</statecode>
  <statuscode>1</statuscode>
  <type>0</type>
  <visibilitytype>0</visibilitytype>
</appaction>