<appaction uniquename="ppac__PDF3Associate!5027234309574c1ab8f1650419478197!ppac_MakensonSharepoint!ppac_makensonspintegrationtest!3">
  <appmoduleid>
    <uniquename>ppac_MakensonSharepoint</uniquename>
  </appmoduleid>
  <buttonlabeltext default="PDF3 Associate">
    <label description="PDF3 Associate" languagecode="1033" />
  </buttonlabeltext>
  <buttonsequencepriority>75.0000000000</buttonsequencepriority>
  <context>1</context>
  <contextentity>
    <logicalname>ppac_makensonspintegrationtest</logicalname>
  </contextentity>
  <contextvalue>ppac_makensonspintegrationtest</contextvalue>
  <hidden>0</hidden>
  <iconwebresourceid>
    <webresourceid>38854bd2-611f-ed11-b83e-000d3a53b4ec</webresourceid>
  </iconwebresourceid>
  <iscustomizable>1</iscustomizable>
  <isgrouptitlehidden>0</isgrouptitlehidden>
  <location>3</location>
  <name>PDF3Associate!5027234309574c1ab8f1650419478197</name>
  <onclickeventformulacomponentlibraryid>
    <name>ppac_makensonsharepointdefaultcommandlibrary_5f651</name>
  </onclickeventformulacomponentlibraryid>
  <onclickeventformulacomponentname>1d440f5e3b0d480e8d59321d6d57f973</onclickeventformulacomponentname>
  <onclickeventformulafunctionname>OnSelect</onclickeventformulafunctionname>
  <onclickeventtype>1</onclickeventtype>
  <statecode>0</statecode>
  <statuscode>1</statuscode>
  <type>0</type>
  <visibilitytype>0</visibilitytype>
</appaction>