<appaction uniquename="ppac__PDFCOnstellium!c57d4a885e0245049ad7f9d96d50e240!ppac_MakensonSharepoint!ppac_makensonspintegrationtest!0">
  <appmoduleid>
    <uniquename>ppac_MakensonSharepoint</uniquename>
  </appmoduleid>
  <buttonlabeltext default="PDF MF">
    <label description="PDF MF" languagecode="1033" />
  </buttonlabeltext>
  <buttonsequencepriority>47.5000000000</buttonsequencepriority>
  <context>1</context>
  <contextentity>
    <logicalname>ppac_makensonspintegrationtest</logicalname>
  </contextentity>
  <contextvalue>ppac_makensonspintegrationtest</contextvalue>
  <hidden>0</hidden>
  <iconwebresourceid>
    <webresourceid>72690be5-22cb-4585-9c3d-33de39635fdc</webresourceid>
  </iconwebresourceid>
  <iscustomizable>1</iscustomizable>
  <isgrouptitlehidden>0</isgrouptitlehidden>
  <location>0</location>
  <name>PDFCOnstellium!c57d4a885e0245049ad7f9d96d50e240</name>
  <onclickeventformulacomponentlibraryid>
    <name>ppac_makensonsharepointdefaultcommandlibrary_5f651</name>
  </onclickeventformulacomponentlibraryid>
  <onclickeventformulacomponentname>f7a76d4e9d374dc19fa95be3eaf412a8</onclickeventformulacomponentname>
  <onclickeventformulafunctionname>OnSelect</onclickeventformulafunctionname>
  <onclickeventtype>1</onclickeventtype>
  <statecode>0</statecode>
  <statuscode>1</statuscode>
  <type>0</type>
  <visibilitytype>0</visibilitytype>
</appaction>