<ImportExportXml version="9.2.23123.234" SolutionPackageVersion="9.2" languagecode="1033" generatedBy="CrmLive" xmlns:xsi="http://www.w3.org/2001/XMLSchema-instance">
  <SolutionManifest>
    <UniqueName>SharepointIntegrationmodelDriven</UniqueName>
    <LocalizedNames>
      <LocalizedName description="Sharepoint Integration model Driven" languagecode="1033" />
    </LocalizedNames>
    <Descriptions />
    <Version>1.0.0.1</Version>
    <Managed>0</Managed>
    <Publisher>
      <UniqueName>Frena</UniqueName>
      <LocalizedNames>
        <LocalizedName description="Frena Makenson" languagecode="1033" />
      </LocalizedNames>
      <Descriptions />
      <EMailAddress>makenson.frena@constellium.com</EMailAddress>
      <SupportingWebsiteUrl xsi:nil="true"></SupportingWebsiteUrl>
      <CustomizationPrefix>ppac</CustomizationPrefix>
      <CustomizationOptionValuePrefix>42242</CustomizationOptionValuePrefix>
      <Addresses>
        <Address>
          <AddressNumber>1</AddressNumber>
          <AddressTypeCode>1</AddressTypeCode>
          <City xsi:nil="true"></City>
          <County xsi:nil="true"></County>
          <Country xsi:nil="true"></Country>
          <Fax xsi:nil="true"></Fax>
          <FreightTermsCode xsi:nil="true"></FreightTermsCode>
          <ImportSequenceNumber xsi:nil="true"></ImportSequenceNumber>
          <Latitude xsi:nil="true"></Latitude>
          <Line1 xsi:nil="true"></Line1>
          <Line2 xsi:nil="true"></Line2>
          <Line3 xsi:nil="true"></Line3>
          <Longitude xsi:nil="true"></Longitude>
          <Name xsi:nil="true"></Name>
          <PostalCode xsi:nil="true"></PostalCode>
          <PostOfficeBox xsi:nil="true"></PostOfficeBox>
          <PrimaryContactName xsi:nil="true"></PrimaryContactName>
          <ShippingMethodCode>1</ShippingMethodCode>
          <StateOrProvince xsi:nil="true"></StateOrProvince>
          <Telephone1 xsi:nil="true"></Telephone1>
          <Telephone2 xsi:nil="true"></Telephone2>
          <Telephone3 xsi:nil="true"></Telephone3>
          <TimeZoneRuleVersionNumber xsi:nil="true"></TimeZoneRuleVersionNumber>
          <UPSZone xsi:nil="true"></UPSZone>
          <UTCOffset xsi:nil="true"></UTCOffset>
          <UTCConversionTimeZoneCode xsi:nil="true"></UTCConversionTimeZoneCode>
        </Address>
        <Address>
          <AddressNumber>2</AddressNumber>
          <AddressTypeCode>1</AddressTypeCode>
          <City xsi:nil="true"></City>
          <County xsi:nil="true"></County>
          <Country xsi:nil="true"></Country>
          <Fax xsi:nil="true"></Fax>
          <FreightTermsCode xsi:nil="true"></FreightTermsCode>
          <ImportSequenceNumber xsi:nil="true"></ImportSequenceNumber>
          <Latitude xsi:nil="true"></Latitude>
          <Line1 xsi:nil="true"></Line1>
          <Line2 xsi:nil="true"></Line2>
          <Line3 xsi:nil="true"></Line3>
          <Longitude xsi:nil="true"></Longitude>
          <Name xsi:nil="true"></Name>
          <PostalCode xsi:nil="true"></PostalCode>
          <PostOfficeBox xsi:nil="true"></PostOfficeBox>
          <PrimaryContactName xsi:nil="true"></PrimaryContactName>
          <ShippingMethodCode>1</ShippingMethodCode>
          <StateOrProvince xsi:nil="true"></StateOrProvince>
          <Telephone1 xsi:nil="true"></Telephone1>
          <Telephone2 xsi:nil="true"></Telephone2>
          <Telephone3 xsi:nil="true"></Telephone3>
          <TimeZoneRuleVersionNumber xsi:nil="true"></TimeZoneRuleVersionNumber>
          <UPSZone xsi:nil="true"></UPSZone>
          <UTCOffset xsi:nil="true"></UTCOffset>
          <UTCConversionTimeZoneCode xsi:nil="true"></UTCConversionTimeZoneCode>
        </Address>
      </Addresses>
    </Publisher>
    <RootComponents>
      <RootComponent type="1" schemaName="ppac_makensonspintegrationtest" behavior="0" />
      <RootComponent type="62" schemaName="ppac_MakensonSharepoint" behavior="0" />
      <RootComponent type="80" schemaName="ppac_MakensonSharepoint" behavior="0" />
      <RootComponent type="300" schemaName="ppac_makensonapp_c6f2c" behavior="0" />
      <RootComponent type="300" schemaName="ppac_makensonsharepointdefaultcommandlibrary_5f651" behavior="0" />
    </RootComponents>
    <MissingDependencies>
      <MissingDependency>
        <Required type="61" schemaName="cat_expandmenu_icon" displayName="cat_expandmenu_icon" solution="CreatorKitReferencesMDA (1.0.20221205.3)" />
        <Dependent type="appaction" displayName="ppac__PDF3Associate!5027234309574c1ab8f1650419478197!ppac_MakensonSharepoint!ppac_makensonspintegrationtest!3" id.uniquename="ppac__PDF3Associate!5027234309574c1ab8f1650419478197!ppac_MakensonSharepoint!ppac_makensonspintegrationtest!3" />
      </MissingDependency>
      <MissingDependency>
        <Required type="61" schemaName="cat_expandmenu_icon" displayName="cat_expandmenu_icon" solution="CreatorKitReferencesMDA (1.0.20221205.3)" />
        <Dependent type="appaction" displayName="ppac__SubPDF!9901437e84424a0fb48bb87fbd56bef4!ppac_MakensonSharepoint!ppac_makensonspintegrationtest!2" id.uniquename="ppac__SubPDF!9901437e84424a0fb48bb87fbd56bef4!ppac_MakensonSharepoint!ppac_makensonspintegrationtest!2" />
      </MissingDependency>
      <MissingDependency>
        <Required type="61" schemaName="msdyn_/Images/AppModule_Default_Icon.png" displayName="msdyn_/Images/AppModule_Default_Icon.png" solution="AppModuleWebResources (2.5)" />
        <Dependent type="80" schemaName="ppac_MakensonSharepoint" displayName="Makenson Sharepoint " />
      </MissingDependency>
      <MissingDependency>
        <Required type="61" schemaName="msdyncrm_/KbMultisession/msdyn_kbsearchcontroltabicon.svg" displayName="msdyncrm_/KbMultisession/msdyn_kbsearchcontroltabicon.svg" solution="msdynce_KnowledgeManagementFeatures (9.0.23121.5017)">
          <package>msdynce_KnowledgeManagementAnchor (9.0.23121.5017)</package>
        </Required>
        <Dependent type="appaction" displayName="ppac__PDFCOnstellium!c57d4a885e0245049ad7f9d96d50e240!ppac_MakensonSharepoint!ppac_makensonspintegrationtest!0" id.uniquename="ppac__PDFCOnstellium!c57d4a885e0245049ad7f9d96d50e240!ppac_MakensonSharepoint!ppac_makensonspintegrationtest!0" />
      </MissingDependency>
    </MissingDependencies>
  </SolutionManifest>
</ImportExportXml>